epoch,time,train/box_loss,train/cls_loss,train/dfl_loss,metrics/precision(B),metrics/recall(B),metrics/mAP50(B),metrics/mAP50-95(B),val/box_loss,val/cls_loss,val/dfl_loss,lr/pg0,lr/pg1,lr/pg2
1,5.04675,1.84879,3.18239,1.77165,0.01093,1,0.37711,0.24463,1.22219,2.94385,1.18645,0.0004287,0.0004287,0.0004287
2,8.48035,1.36566,2.78428,1.43114,0.95347,0.33333,0.55074,0.32618,1.24126,2.24879,1.21996,0.00086306,0.00086306,0.00086306
3,11.9202,1.22729,2.45024,1.34011,0.63108,0.53333,0.70817,0.38168,1.31008,2.0161,1.25504,0.00128865,0.00128865,0.00128865
4,15.3345,1.16237,2.16993,1.29538,0.62477,0.56243,0.49596,0.24175,1.55883,3.44849,1.38311,0.00138656,0.00138656,0.00138656
5,18.7724,1.24081,2.04924,1.31522,0.47947,0.91486,0.69461,0.41855,0.99186,2.52237,1.13885,0.00137241,0.00137241,0.00137241
6,22.2221,1.2269,1.9557,1.31752,0.74426,0.8,0.75431,0.50843,0.97028,1.69263,1.10746,0.00135826,0.00135826,0.00135826
7,25.8043,1.0581,1.73408,1.22274,1,0.51605,0.71339,0.47539,1.19234,1.4706,1.14288,0.00134412,0.00134412,0.00134412
8,29.2043,0.95604,1.6265,1.16018,0.78993,0.8591,0.90984,0.59384,1.11921,1.34879,1.11484,0.00132997,0.00132997,0.00132997
9,32.6264,0.91156,1.52978,1.15274,0.73085,0.86904,0.93309,0.72296,0.75184,2.21343,0.98308,0.00131582,0.00131582,0.00131582
10,36.063,0.85426,1.40632,1.13544,0.70555,0.89128,0.94168,0.72596,0.75758,2.5366,0.94768,0.00130168,0.00130168,0.00130168
11,39.5118,0.78591,1.31969,1.10009,0.82421,0.80501,0.94026,0.7622,0.69629,1.85743,0.9152,0.00128753,0.00128753,0.00128753
12,42.9864,0.75944,1.24823,1.05495,0.97315,0.78407,0.96568,0.81669,0.58437,1.11215,0.86095,0.00127338,0.00127338,0.00127338
13,46.4418,0.66158,1.10372,0.99095,0.90721,0.91111,0.96449,0.86021,0.53062,0.85825,0.85948,0.00125923,0.00125923,0.00125923
14,49.9193,0.63935,1.04176,0.98788,0.90844,0.95712,0.95715,0.81502,0.59255,1.02645,0.87786,0.00124509,0.00124509,0.00124509
15,53.3455,0.68505,1.03645,1.01941,0.85565,0.95919,0.94845,0.82034,0.56137,1.06459,0.86144,0.00123094,0.00123094,0.00123094
16,56.7922,0.65211,1.00068,1.00746,0.91565,0.96684,0.98468,0.86663,0.52559,0.92743,0.85887,0.00121679,0.00121679,0.00121679
17,60.2682,0.63429,0.99585,1.00353,0.97593,1,0.995,0.88801,0.55636,0.8122,0.8817,0.00120265,0.00120265,0.00120265
18,63.766,0.63595,0.95447,0.99996,0.97593,1,0.995,0.88801,0.55636,0.8122,0.8817,0.0011885,0.0011885,0.0011885
19,67.2375,0.66712,1.01866,1.02805,0.96835,0.99906,0.98958,0.83814,0.61157,0.86098,0.92897,0.00117435,0.00117435,0.00117435
20,70.7225,0.59851,0.89865,0.97896,0.9803,0.993,0.995,0.8517,0.54935,0.80201,0.88507,0.00116021,0.00116021,0.00116021
21,74.1966,0.59968,0.85461,0.96048,0.97838,0.97778,0.99375,0.86706,0.5579,0.7503,0.87721,0.00114606,0.00114606,0.00114606
22,77.6889,0.59679,0.85633,0.98049,0.96864,0.9982,0.995,0.89054,0.50473,0.69134,0.86982,0.00113191,0.00113191,0.00113191
23,81.1968,0.54643,0.83803,0.95679,0.98831,0.98286,0.995,0.8969,0.47873,0.62734,0.86048,0.00111776,0.00111776,0.00111776
24,84.7731,0.57941,0.81329,0.96466,0.98233,1,0.995,0.90472,0.46421,0.61918,0.84252,0.00110362,0.00110362,0.00110362
25,88.2882,0.52091,0.80761,0.93353,0.99304,0.99978,0.995,0.90913,0.41674,0.59327,0.82786,0.00108947,0.00108947,0.00108947
26,91.8412,0.49977,0.79218,0.94442,0.98741,0.99681,0.995,0.90494,0.42672,0.63871,0.83081,0.00107532,0.00107532,0.00107532
27,95.3817,0.52515,0.73739,0.93457,0.9452,1,0.99229,0.89281,0.45229,0.66532,0.84282,0.00106118,0.00106118,0.00106118
28,98.8871,0.4851,0.69138,0.91871,0.95923,0.99338,0.99229,0.90921,0.43769,0.67212,0.82943,0.00104703,0.00104703,0.00104703
29,102.424,0.50736,0.7356,0.94157,0.96516,0.97778,0.99104,0.92366,0.38598,0.61504,0.80525,0.00103288,0.00103288,0.00103288
30,105.974,0.49174,0.71142,0.93603,0.96765,1,0.99375,0.93074,0.40567,0.56771,0.79986,0.00101873,0.00101873,0.00101873
31,109.489,0.54007,0.75019,0.95168,0.96542,1,0.995,0.93209,0.38551,0.57464,0.7973,0.00100459,0.00100459,0.00100459
32,113.105,0.44264,0.65346,0.91186,0.9652,1,0.995,0.92386,0.36553,0.58113,0.78987,0.00099044,0.00099044,0.00099044
33,116.629,0.4785,0.71757,0.94079,0.97495,1,0.995,0.92907,0.33946,0.60193,0.79441,0.000976293,0.000976293,0.000976293
34,120.169,0.48428,0.67419,0.92835,0.97491,0.98964,0.995,0.9443,0.33435,0.5934,0.80471,0.000962146,0.000962146,0.000962146
35,123.72,0.46481,0.67802,0.91144,0.98547,0.9913,0.995,0.96515,0.34206,0.57027,0.80904,0.000947999,0.000947999,0.000947999
36,127.22,0.49918,0.72081,0.96142,0.99352,1,0.995,0.95249,0.34546,0.52361,0.80973,0.000933851,0.000933851,0.000933851
37,130.708,0.44802,0.65074,0.91537,0.99492,1,0.995,0.93639,0.385,0.52059,0.8166,0.000919704,0.000919704,0.000919704
38,134.22,0.45774,0.62693,0.90617,0.99442,1,0.995,0.93284,0.38171,0.54831,0.80966,0.000905557,0.000905557,0.000905557
39,137.709,0.46842,0.63262,0.92779,0.9922,1,0.995,0.90768,0.40525,0.53835,0.80673,0.00089141,0.00089141,0.00089141
40,141.237,0.43843,0.60611,0.89406,0.98656,1,0.995,0.92747,0.37868,0.52966,0.80022,0.000877263,0.000877263,0.000877263
41,144.755,0.45621,0.64088,0.9161,0.98746,1,0.995,0.92338,0.37121,0.51295,0.79085,0.000863116,0.000863116,0.000863116
42,148.366,0.41339,0.5838,0.90318,0.98738,1,0.995,0.93474,0.38987,0.5259,0.79675,0.000848969,0.000848969,0.000848969
43,151.849,0.44876,0.59286,0.91365,0.98934,1,0.995,0.93425,0.38354,0.49789,0.80534,0.000834822,0.000834822,0.000834822
44,155.342,0.43243,0.5927,0.89463,0.99086,1,0.995,0.92816,0.36722,0.47384,0.80074,0.000820675,0.000820675,0.000820675
45,158.838,0.41146,0.56465,0.89913,0.99325,1,0.995,0.94296,0.33639,0.4827,0.79416,0.000806528,0.000806528,0.000806528
46,162.369,0.44026,0.61195,0.9333,0.99267,1,0.995,0.9552,0.29641,0.4951,0.78533,0.00079238,0.00079238,0.00079238
47,165.899,0.39882,0.56562,0.89763,0.99181,1,0.995,0.9605,0.29665,0.49083,0.78347,0.000778233,0.000778233,0.000778233
48,169.373,0.40688,0.55041,0.88133,0.99156,1,0.995,0.95913,0.30168,0.46402,0.78257,0.000764086,0.000764086,0.000764086
49,172.907,0.41117,0.58265,0.89934,0.99213,1,0.995,0.95181,0.32935,0.43522,0.78217,0.000749939,0.000749939,0.000749939
50,176.426,0.38482,0.56849,0.89127,0.99213,1,0.995,0.95181,0.32935,0.43522,0.78217,0.000735792,0.000735792,0.000735792
51,179.968,0.38434,0.53967,0.89076,0.99235,1,0.995,0.95623,0.31008,0.43619,0.77648,0.000721645,0.000721645,0.000721645
52,183.521,0.37264,0.52569,0.88512,0.99362,1,0.995,0.95101,0.28079,0.41471,0.76792,0.000707498,0.000707498,0.000707498
53,187.077,0.39239,0.54437,0.89885,0.99393,1,0.995,0.96233,0.26064,0.38724,0.76618,0.000693351,0.000693351,0.000693351
54,190.594,0.38266,0.52636,0.8983,0.99423,1,0.995,0.96936,0.26719,0.41032,0.76844,0.000679204,0.000679204,0.000679204
55,194.127,0.36783,0.5296,0.89407,0.99334,1,0.995,0.96148,0.32093,0.41921,0.77801,0.000665057,0.000665057,0.000665057
56,197.631,0.37565,0.52498,0.8972,0.99359,1,0.995,0.94071,0.34736,0.4389,0.78528,0.000650909,0.000650909,0.000650909
57,201.122,0.4012,0.54581,0.8883,0.99277,1,0.995,0.92959,0.34695,0.46488,0.78852,0.000636762,0.000636762,0.000636762
58,204.641,0.37063,0.54607,0.88471,0.99258,1,0.995,0.94634,0.32908,0.462,0.7894,0.000622615,0.000622615,0.000622615
59,208.152,0.35628,0.52092,0.88922,0.99411,1,0.995,0.95249,0.30137,0.42055,0.78126,0.000608468,0.000608468,0.000608468
60,211.743,0.35063,0.51217,0.88872,0.99309,1,0.995,0.96828,0.25769,0.38925,0.77776,0.000594321,0.000594321,0.000594321
61,215.191,0.33265,0.50377,0.89615,0.99186,1,0.995,0.96563,0.2617,0.3844,0.77482,0.000580174,0.000580174,0.000580174
62,218.669,0.33297,0.48914,0.88929,0.99127,1,0.995,0.96086,0.28171,0.40401,0.77554,0.000566027,0.000566027,0.000566027
63,222.124,0.34354,0.50793,0.88761,0.99204,1,0.995,0.96407,0.27922,0.40203,0.77369,0.00055188,0.00055188,0.00055188
64,225.583,0.35416,0.52113,0.89451,0.99364,1,0.995,0.96744,0.26709,0.3877,0.7717,0.000537733,0.000537733,0.000537733
65,229.042,0.34836,0.50076,0.88895,0.99332,1,0.995,0.9645,0.24506,0.39031,0.76936,0.000523586,0.000523586,0.000523586
66,232.53,0.33785,0.48444,0.88877,0.99352,1,0.995,0.9703,0.23913,0.37756,0.76766,0.000509438,0.000509438,0.000509438
67,235.993,0.33381,0.4829,0.88307,0.99388,1,0.995,0.97597,0.24758,0.37904,0.76837,0.000495291,0.000495291,0.000495291
68,239.463,0.34324,0.49588,0.87813,0.99478,1,0.995,0.97481,0.2518,0.38812,0.76873,0.000481144,0.000481144,0.000481144
69,243.048,0.33686,0.50588,0.88444,0.99521,1,0.995,0.96371,0.27014,0.40168,0.77389,0.000466997,0.000466997,0.000466997
70,246.994,0.31148,0.47567,0.88374,0.99418,1,0.995,0.96601,0.28303,0.39625,0.77835,0.00045285,0.00045285,0.00045285
71,250.664,0.32076,0.45072,0.86152,0.99476,1,0.995,0.96777,0.27828,0.38767,0.77682,0.000438703,0.000438703,0.000438703
72,254.229,0.32586,0.45652,0.87207,0.99474,1,0.995,0.96939,0.27952,0.38384,0.77706,0.000424556,0.000424556,0.000424556
73,257.847,0.30825,0.43618,0.86672,0.99447,1,0.995,0.96939,0.26448,0.37365,0.7732,0.000410409,0.000410409,0.000410409
74,261.414,0.33918,0.4731,0.89809,0.99415,1,0.995,0.96785,0.25803,0.35979,0.77092,0.000396262,0.000396262,0.000396262
75,264.961,0.30837,0.44592,0.86789,0.99427,1,0.995,0.96919,0.2594,0.34769,0.76786,0.000382115,0.000382115,0.000382115
76,268.524,0.29454,0.42814,0.85048,0.99454,1,0.995,0.97841,0.25651,0.34245,0.76737,0.000367967,0.000367967,0.000367967
77,272.06,0.29986,0.44157,0.87592,0.99529,1,0.995,0.97396,0.26094,0.33931,0.76746,0.00035382,0.00035382,0.00035382
78,275.694,0.33312,0.48654,0.88376,0.99514,1,0.995,0.97284,0.26045,0.33697,0.76734,0.000339673,0.000339673,0.000339673
79,279.29,0.30122,0.43915,0.86506,0.99554,1,0.995,0.97328,0.24217,0.33829,0.76481,0.000325526,0.000325526,0.000325526
80,282.884,0.29533,0.45055,0.85583,0.99503,1,0.995,0.97509,0.23487,0.34086,0.76295,0.000311379,0.000311379,0.000311379
81,286.54,0.30078,0.44,0.86682,0.99562,1,0.995,0.98231,0.23579,0.34418,0.76311,0.000297232,0.000297232,0.000297232
82,290.156,0.30102,0.43243,0.88378,0.99562,1,0.995,0.98231,0.23579,0.34418,0.76311,0.000283085,0.000283085,0.000283085
83,293.71,0.30427,0.43453,0.86256,0.99575,1,0.995,0.98255,0.2288,0.33485,0.76336,0.000268938,0.000268938,0.000268938
84,297.206,0.30036,0.43672,0.87608,0.99561,1,0.995,0.98303,0.2292,0.33176,0.76683,0.000254791,0.000254791,0.000254791
85,300.789,0.26933,0.42553,0.85794,0.99475,1,0.995,0.97978,0.22983,0.32868,0.76855,0.000240644,0.000240644,0.000240644
86,304.423,0.30893,0.43447,0.86982,0.99337,1,0.995,0.97994,0.22334,0.32802,0.77056,0.000226497,0.000226497,0.000226497
87,308.041,0.27682,0.42063,0.853,0.9934,1,0.995,0.98207,0.2234,0.33242,0.76991,0.000212349,0.000212349,0.000212349
88,311.604,0.27345,0.41197,0.86975,0.99273,1,0.995,0.98491,0.22877,0.33328,0.76859,0.000198202,0.000198202,0.000198202
89,315.127,0.26498,0.40736,0.85166,0.99311,1,0.995,0.98697,0.22935,0.32639,0.76777,0.000184055,0.000184055,0.000184055
90,318.661,0.27788,0.41988,0.85768,0.99414,1,0.995,0.98713,0.23134,0.32621,0.76587,0.000169908,0.000169908,0.000169908
